User Name;Publish Date;Comment Text;cleaned comment;Sentiment
becak_rodadua;9/16/2023, 11:21:03 AM;haduh min. di bogangin ada galian ya? efeknya air jadi keruh lagi di daerah kedurus;aduh min bogangin galian efeknya air jadi keruh daerah kedurus;Netral
vls0319;9/19/2023, 6:10:38 PM;Min mau tanya kalo pasang pipa baru emang bisa ya ga nyambung me meteran konsumen? Punya saya ga ada pipa baru yg nyambung ke meteran. Sampe hari ini tidak ada respon. Hanya dtg 1x senin sore kemaren Dan ketemu kaLo pasang pipa baru nya ga nyambung ke meteram saya. Tapi tidak ada kelanjutannya??;min mau tanya kalo pasang pipa baru memang enggak menyambung me meteran konsumen punya enggak pipa baru menyambung meteran hari respon datang 1x senin sore kemarin ketemu kalo pasang pipa baru nya enggak menyambung meteram kelanjutannya;Netral
vls0319;9/19/2023, 9:01:04 PM;@pdamsuryasembada id pelanggam 3060262. Sudah telp call centre berkali2 tidak ada solusi;id pelanggam 3060262 telp call centre berkali2 solusi;Netral
vls0319;9/20/2023, 5:37:43 AM;@pdamsuryasembada tolong kepastiannya kapan pipa saya bisa dipasang. Udah ganti pipa tanpa pemberitahuan skrg malah pipanya tidak tersambung ke meteran saya. Tlp call center cuma bilang nanti disampaikan. Petugas yg dtg terkesan lepas tangan katanya beda tugas. Jujur saya kecewa berat sama pdam kali ini. Padahal dulu2 gercep banget. Ini terkesan lepas tangan semua ??????;kepastiannya kapan pipa dipasang ganti pipa pemberitahuan sekarang malah pipanya tersambung meteran telepon call center cuma bilang disampaikan petugas datang terkesan lepas tangan katanya beda tugas jujur kecewa berat sama pdam kali padahal dulu2 gercep banget terkesan lepas tangan semua;Negatif
vls0319;9/20/2023, 9:04:54 AM;@pdamsuryasembada terima kasih atas bantuan dan gercepnya. Air saya sudah mengalir skrg.  Mohon maaf kalo ada kata2 yg tidak berkenan dari saya kemaren. Terima kasih banyak pdam Dan team ????;terima kasih atas bantuan gercepnya air mengalir sekarang mohon maaf kalo kata-kata berkenan kemarin terima kasih banyak pdam team;Netral
ichigokindaichi;9/27/2023, 10:15:02 AM;Di daerah pakal juga tidak merata;daerah pakal merata;Netral
lalarac_96;9/27/2023, 10:19:16 AM;Manukan lor 2 raya juga air mati dari senin sampe hari ini;manukan lor 2 raya air mati senin hari;Netral
rio1201;9/29/2023, 1:28:04 PM;Komplain air mati dari kemarin pagi, sampai skrg blm ada yg datang. Sudah tlp bbbrp kali untuk follow up, tp tetap belum ada yg datang;komplain air mati kemarin pagi sekarang datang telepon bbbrp kali follow up tetap datang;Netral
rulimuttaqin;9/29/2023, 4:25:45 PM;Min, harga per kubik berapa skrg, soalnya tagihan PDAM sampai 11 juta . Padahal pemakaian sangat jarang;min harga per kubik berapa sekarang soalnya tagihan pdam 11 juta padahal pemakaian sangat jarang;Netral
ronny_syaifuddin;10/2/2023, 10:35:15 AM;Dijalan Petemon Sidomulyo gang 3a. Kmarin ada pemasangan pipa PDAM.  Tpi kondisi sekrang bocor;dijalan petemon sidomulyo gang 3a kemarin pemasangan pipa pdam kondisi sekarang bocor;Netral
afga089;10/12/2023, 8:50:11 PM;percuma meskipun mengadu di pdam masio sampek 2bln sambat g ngarah direken, tagihan 3bln ae tembus bayar 1850000, wuiks hebat ya padahal pemakaian jarang juga ??;percuma meskipun mengadu pdam 2bln sambat enggak ngarah direken tagihan 3bln tembus bayar 1850000 wuiks hebat padahal pemakaian jarang;Netral
afga089;10/12/2023, 8:50:59 PM;meskipun dm tetap bayar segitu bos, nyogehno pdam;meskipun dm tetap bayar segitu bos nyogehno pdam;Netral
afga089;10/13/2023, 12:07:41 AM;@pdamsuryasembada 2112693;2112693;Netral
afga089;10/13/2023, 4:02:21 PM;@pdamsuryasembada meteran diambil iku maksudnya gmn, tidak ada konfirmasi nanti kalo dikatakan maling situ marah2 tapi g tau aturan, kalo mau ambil meteran itu bilang dulu bos jangan sluman slumun slamet ya ??;meteran diambil iku maksudnya bagaimana konfirmasi kalo dikatakan maling situ marah-marah enggak tau aturan kalo mau ambil meteran bilang dulu bos jangan sluman slumun selamat;Netral
david_liem_xmpc;10/19/2023, 6:27:00 PM;Cek dm. Parah bener;cek dm parah benar;Netral
hendro_hawk;9/13/2023, 6:55:14 AM;Vivat ??????;vivat;Netral
h__liim;10/12/2023, 10:53:11 PM;DAERAH SETRO BARU UTARA I HANYA DAPAT JATAH  AIR SEKALI SEKALI ITUPUN JAM 11-12 MALAM TOLKNG DI TINDAK LANJUTI LAPORAN GAK DI GUBRIS;daerah setro baru utara i jatah air sekali sekali itupun jam 11 malam tolkng tindak lanjuti laporan enggak gubris;Netral
evimomsabila;9/28/2023, 1:01:44 PM;Aamiin;amin;Netral
alfi_rosalina;9/7/2023, 7:07:00 PM;coba tesnya jam 3 malam ...setiap hri  asti keruh;coba tesnya jam 3 malam hari asti keruh;Netral
agungegiizz;9/7/2023, 7:23:25 PM;Ya pertanyaannya sebenernya pdam itu ambil airnya dr mana kok sampek hitam kayak itu??;pertanyaannya sebenarnya pdam ambil airnya mana kok hitam kayak;Netral
fidian_prihatono;9/7/2023, 7:43:33 PM;Sambikerep mana sambikerep?;sambikerep mana sambikerep;Netral
corryrizkykumala2;9/7/2023, 7:50:52 PM;@agungegiizz iya;iya;Netral
sambikerepbahagia;9/7/2023, 7:57:32 PM;Sambikerep kembali bersih! Terima kasih @pdamsuryasembada ????;sambikerep bersih terima kasih;Netral
slondong_boy;9/7/2023, 8:10:34 PM;Terima kasih utk area kedurus sudah normal kembali airnya;terima kasih area kedurus normal airnya;Positif
mm_deasy;9/7/2023, 8:18:51 PM;Lontar masih keruh airnya;lontar keruh airnya;Netral
fidian_prihatono;9/7/2023, 8:23:12 PM;@sambikerepbahagia ditempat saya masih keruh airnya;ditempat keruh airnya;Netral
notiaryani;9/7/2023, 9:12:07 PM;Kedurus IVA masih keruh airnya kotor banget warna hitam ?????????;kedurus iva keruh airnya kotor banget warna hitam;Netral
almahfud10;9/7/2023, 9:37:27 PM;bogangin;bogangin;Netral
harun.alrasyid.14019;9/7/2023, 9:38:18 PM;Sambikerep msh keruh neh bosss;sambikerep keruh nih bosss;Netral
goe2ns;9/7/2023, 9:49:03 PM;Lidah wetan mana suaranya??;lidah wetan mana suaranya;Netral
ventyokta;9/7/2023, 10:29:45 PM;Terima kasih airnya sudah normal kembali;terima kasih airnya normal;Positif
mosyafann;9/8/2023, 1:33:47 AM;Lidah wetan sek keruh @pdamsuryasembada;lidah wetan sek keruh;Netral
anita.wahyuningsih.3367;9/8/2023, 8:00:07 AM;Bulak banteng wetan pak,air keruh dan bau got...sudah 2mingguan begini terus,tolong ditindak lanjuti pak.terima kasih;bulak banteng wetan pakair keruh bau gotsudah 2mingguan begini terustolong ditindak lanjuti pakterima kasih;Netral
arif_mkruf45;9/8/2023, 8:44:10 AM;PDAM gerak lambat pengaduan dari tgl 5 Agustus gak ada respon sama sekali, kata petugas nya meteran mati udah laporan 2x mana ada tanggapan dari anda hee jgn ngaku PDAM gerak cepat;pdam gerak lambat pengaduan tanggal 5 agustus enggak respon sama sekali kata petugas nya meteran mati laporan 2x mana tanggapan hee jangan mengaku pdam gerak cepat;Netral
arif_mkruf45;9/8/2023, 11:13:49 AM;@pdamsuryasembada sudah kak barusan sudah selesai ??;kak barusan selesai;Netral
renycan_;9/8/2023, 4:46:03 PM;@slondong_boy kebraon belum....??;kebraon;Netral
renycan_;9/8/2023, 4:46:25 PM;@pdamsuryasembada kebraon belum ngalir sdh 3 hari;kebraon mengalir 3 hari;Netral
maeypradipta;9/8/2023, 6:05:29 PM;Bulak banteng kenapa air keruh dan bau LG yaa .. air bening pun paling lama 2jam doang .. abis itu keruh LG ..;bulak banteng air keruh bau air bening paling lama 2jam doang habis keruh;Netral
notiaryani;9/9/2023, 8:09:16 AM;@pdamsuryasembada : Saya sudah laporan via Whatsapp;laporan via whatsapp;Netral
azbighazwan;9/9/2023, 11:30:23 AM;Sippp PDAM, emang kasus ini sudah lama terjadi, alhamdulillah laporan dari warga di tindak lanjuti;sippp pdam memang kasus lama terjadi alhamdulillah laporan warga tindak lanjuti;Netral
azbighazwan;9/9/2023, 11:31:28 AM;@pdamsuryasembada trimakasih PDAM, ketika kasus ini muncul lagi kita akan ikuti prosedur yang disampaikan;trimakasih pdam kasus muncul ikuti prosedur disampaikan;Netral
dyah_rinna;9/9/2023, 2:47:53 PM;Mohon bantuannya.... Rumah saya di kedurus dukuh sejak perbaikannya pdam sampe dgn skrg belum keluar airnya tetapi tetangga kanan kiri saya sdh keluar... Dan saya sdh info ke cs pdam  darii hari rabu tgl 6 September 2023 sampe dgn skrg blum ada petugas yg datang ke rumah... Mohon bantuannya pak.. No. Pelanggan 05173476...mohon bantuannya pak Terima kasih;mohon bantuannya rumah kedurus dukuh sejak perbaikannya pdam sekarang keluar airnya tetangga kanan kiri keluar info cs pdam darii hari rabu tanggal 6 september 2023 sekarang petugas datang rumah mohon bantuannya pak no pelanggan 05173476mohon bantuannya pak terima kasih;Netral
estilistiyani;9/13/2023, 7:16:48 AM;Karangpilang airnya masih pelan sekali udah 9hari gini terus. Kompensasi air cuma datang 1x utk 1 RT. Giliran gak bayar aja mati. Giliran gini pas komplain diem tok;karangpilang airnya pelan sekali 9hari begini terus kompensasi air cuma datang 1x 1 rt giliran enggak bayar mati giliran begini pas komplain diam tok;Netral
aniinndya;9/14/2023, 12:32:31 PM;haloo kak, boleh cek dm yaa????;haloo kak cek dm;Netral
ayoeandriany;9/1/2023, 5:41:02 PM;PDAM  daerah bulak banteng knp sering MATI .... air juga sering BUTHEG alias KERUH .... tolong donk segera di ATASI ....;pdam daerah bulak banteng sering mati air sering butheg alias keruh dong segera atasi;Netral
tkg.ldg.selfie;9/1/2023, 8:06:48 PM;Keren Mas Jitu, sehat selalu;keren mas jitu sehat selalu;Netral
camelia_zabrina13;9/2/2023, 9:09:21 AM;Makasih PDAM, sharing ilmu nya, sangat bermanfaat ????;terima kasih pdam sharing ilmu nya sangat bermanfaat;Netral
kf_alkareem;9/4/2023, 4:53:10 AM;Yeay.. Cak Kevin Hadirr!! ????;yeay cak kevin hadir;Netral
fisioterapisurabaya;9/25/2023, 9:51:00 PM;??;;Netral
nrrizka;9/26/2023, 11:00:02 PM;Halo admin, saya mau tanya. Saya sudah mengontrak rumah sudah lebih satu tahun di Surabaya namun berapa bulan belakang ini baru stay lama jadi makin merasa terganggu karena air yang hanya mengalir dari jam 9an malam. Dan itupun kotor sekali airnya bahkan pakai filter pun jadi sangat sering diganti karena sangat kotor airnya. Ini kira2 kenaoa ya,? Padahal rumah di wilayah belakang pdam sby, tapi gak ngerasain air lancar dan tidak kotor kayak di wilayah lain. Mohon penjelasan dan solusinya ??;halo admin mau tanya mengontrak rumah lebih satu tahun surabaya berapa bulan belakang baru stay lama jadi makin merasa terganggu air mengalir jam 9an malam itupun kotor sekali airnya bahkan pakai filter jadi sangat sering diganti sangat kotor airnya kira-kira kenaoa padahal rumah wilayah belakang pdam surabaya enggak merasai air lancar kotor kayak wilayah mohon penjelasan solusinya;Netral
silvi_novilia;9/27/2023, 8:36:46 AM;Sudah komplain ga di gubris!! Air sangat kecil sekali di rumah saya daerah kemlaten sampai sekarang tidak menyala,, tolong solusinya??!!;komplain enggak gubris air sangat kecil sekali rumah daerah kemlaten sekarang menyala solusinya;Netral
vls0319;9/19/2023, 8:48:52 PM;Posting terus tapi keluhan pelanggan tidak ada kelanjutannya. ??????;posting terus keluhan pelanggan kelanjutannya;Netral
nitahand0417;9/19/2023, 8:57:29 PM;????????;;Netral
nitahand0417;9/19/2023, 8:58:26 PM;Manukan Kasman,,banyu e gak Mili cak,,??;manukan kasmanbanyu e enggak mili cak;Netral
renycan_;9/19/2023, 9:12:33 PM;Kebraon saja yg jalan raya dekat dengan ipam karangpilang pagi diatas jam 4 wes gak murup..murup e bengi melekan ngisi banyu.. sampe jam 12..banter lek jam 1 pagi keatas..;kebraon jalan raya dekat ipam karangpilang pagi diatas jam 4 wes enggak murupmurup e bengi melekan ngisi banyu jam 12banter lek jam 1 pagi keatas;Netral
ruena2072;9/19/2023, 10:08:40 PM;Pradah Kalikendal kec Dukuh pakis sudah 3 hari gak keluar blas banyu e maksud dan tujuannya iku gimana bossssss....?;pradah kalikendal kec dukuh pakis 3 hari enggak keluar blas banyu e maksud tujuannya iku bagaimana bossssss;Netral
kennireagan_;9/20/2023, 7:08:32 AM;Halo PDAM kenapa ya stiap pagi air itu nggak pernah bisa naik? Debit kecil!.. Ntr alasannya banyak yg menggunakan ??. Dari dulu selalu seperti itu alasannya.  Lokasi Tapsir;halo pdam pagi air enggak pernah naik debit kecil entar alasannya banyak menggunakan dulu selalu alasannya lokasi tapsir;Netral
hadi.soev;9/20/2023, 8:18:50 AM;Mbok yaa air Umbulan itu di salurkan ke Rakyat jelata jgn hanya orang kaya...matikan ipam karangpilang dan ngagel wong air butek gitu di kasih ke rakyat...yg bening dr umbulan di jual ke orang kaya...giiran cari suara pilkada pilpres ngemis suara ke.rakyat miskin....;mbok air umbulan salurkan rakyat jelata jangan orang kayamatikan ipam karangpilang ngagel wong air butek kasih rakyatyg bening umbulan jual orang kayagiiran cari suara pilkada pilpres ngemis suara kerakyat miskin;Netral
evendeakristii;9/20/2023, 8:30:17 AM;Candi Lontar banyune cilik keruh sisan ?? monggo di tindak lanjuti;candi lontar banyune cilik keruh sisan monggo tindak lanjuti;Netral
bellaaristas;9/20/2023, 11:19:14 AM;Iki Pakuwon air mati ga di urus ta?;iki pakuwon air mati enggak urus ta;Netral
chasildaryankartika;9/20/2023, 9:40:40 PM;Manukan lor airnya gak nyalaa minn tolong sudah 3hari ini;manukan lor airnya enggak nyalaa minn 3hari;Netral
chasildaryankartika;9/24/2023, 11:58:22 AM;@pdamsuryasembada masih belum nyala smpai hari ini min udh hampir seminggu tolong dibantu;nyala hari min hampir seminggu dibantu;Netral
chasildaryankartika;9/26/2023, 9:41:28 AM;@pdamsuryasembada sudah min;min;Netral
rulimuttaqin;10/18/2023, 5:48:07 PM;Min Ir Soekarno Hatta mati kak, info info;min ir soekarno hatta mati kak info info;Netral
fisioterapisurabaya;9/25/2023, 4:54:51 PM;??;;Netral
kakonozomi22;9/26/2023, 6:38:02 AM;Mohon info @pdamsuryasembada kok pagi2 daerah wiyung dimatikan ya airnya. Apa ada perbaikan soalnya lg butuh2nya air ini ????;mohon info kok pagi2 daerah wiyung dimatikan airnya apa perbaikan soalnya butuh2nya air;Netral
kakonozomi22;9/26/2023, 9:49:41 AM;@pdamsuryasembada baik, terima kasih banyak infonya semoga kedepannya lancar n sukses;baik terima kasih banyak infonya semoga kedepannya lancar n sukses;Netral
kili.1918;10/4/2023, 1:38:56 AM;Pratamaaa matiiiiii manehhhhh mattttiiiiii manehhhhhhh matihhhhh terossss mendadakkkkkk terossssss aeeeee jam 1.30 telah matiiiiiiii???????? banyu wes kotor ambune ga uenakkkk pollll ben dino gae banyu kotor isuk kuras bak penuh kotor maneh iki mbayar loh yoooo resibusi kebersihane wes larang;pratamaaa matiiiiii manehhhhh mattttiiiiii manehhhhhhh matihhhhh terus mendadakkkkkk terossssss aeeeee jam 130 matiiiiiiii banyu wes kotor ambune enggak uenakkkk pol ben dino gae banyu kotor isuk kuras bak penuh kotor maneh iki mbayar loh yoooo resibusi kebersihane wes larang;Netral
ardiyan2311;10/5/2023, 9:18:47 AM;Pdam gatel bantu mati² terus;pdam gatel bantu mati² terus;Netral
ardiyan2311;10/5/2023, 9:19:52 AM;Pdam area tandes knp air sering mati, knp air juga pelan;pdam area tandes air sering mati air pelan;Netral
ardiyan2311;10/5/2023, 9:20:56 AM;Padahal area manukan tuh padat penduduk, seharusnya airnya lebih di prioritaskan;padahal area manukan tuh padat penduduk airnya lebih prioritaskan;Netral
blobix8;9/18/2023, 9:27:59 PM;Aman neg ngunu aliran air bersih semoga lancar;aman neg ngunu aliran air bersih semoga lancar;Netral
nikkyvianti;9/19/2023, 5:32:56 AM;Air gak keluar di daerah Manukan. Sampai kpn min?;air enggak keluar daerah manukan kapan min;Netral
sidowareg_penyetan;9/19/2023, 5:38:51 AM;Jalan Sidoyoso 1,pengerjaannya belom selesai,tanah sudah retak dan ambles,mulai ada kebocoran  air mulai keluar.;jalan sidoyoso 1pengerjaannya selesaitanah retak amblesmulai kebocoran air mulai keluar;Netral
ayupandan;9/19/2023, 5:50:48 AM;Air di Manukan kapan keluarnya min?;air manukan kapan keluarnya min;Netral
palope16213;9/19/2023, 6:05:38 AM;Air daerah karangpilang pelan .......;air daerah karangpilang pelan;Netral
flower.annie;9/19/2023, 9:54:27 AM;Kalo ada air mati mohon untuk di info sebelumnya agar bisa nandon air.;kalo air mati mohon info sebelumnya nandon air;Netral
afriliantyas;9/19/2023, 11:40:37 AM;Air mati di daerah manukan min @pdamsuryasembada . sampai kapan min @pdamsuryasembada ?????;air mati daerah manukan min kapan min;Netral
erindita_ar;9/19/2023, 12:31:46 PM;Mimin... Air daerah manukan kapan keluarnya min?;admin air daerah manukan kapan keluarnya min;Netral
krisma_kusbianto_82;9/19/2023, 12:46:44 PM;Kak, daerah tandes karangpoh belum keluar dri subuh;kak daerah tandes karangpoh keluar subuh;Netral
krisma_kusbianto_82;9/19/2023, 12:47:09 PM;Katanya sudah normalisasi tp kok belum keluar airnya;katanya normalisasi kok keluar airnya;Netral
dhiatulb;9/19/2023, 12:49:47 PM;Manukan sampe sekarang blm nyala??;manukan sekarang nyala;Netral
ultramilk_;9/19/2023, 1:02:22 PM;Wilayah manukan kapan keluar airnya min?;wilayah manukan kapan keluar airnya min;Netral
arthursigitt;9/19/2023, 2:00:25 PM;@nikkyvianti up iki @pdamsuryasembada  dari semalam lho ya!;up iki semalam lho;Netral
arthursigitt;9/19/2023, 2:54:36 PM;@pdamsuryasembada @cakj1  pak iki pak sedinoan mandekkk ngmng onok pengerjaan ?? mosok sampai seharian;pak iki pak sedinoan mandekkk mengomong onok pengerjaan mosok seharian;Netral
nikkyvianti;9/19/2023, 4:03:47 PM;@pdamsuryasembada tolong direspon dong. Air mati tanpa konfirmasi ini gmn? Sampai sekarang gak netes sm sekali;direspon dong air mati konfirmasi bagaimana sekarang enggak menetes sama sekali;Netral
arthursigitt;9/19/2023, 4:11:43 PM;@nikkyvianti daerah manukannn ini gmn ya dari semalam lho ini.  @pdamsuryasembada  @ericahyadi_ @cakj1;daerah manukannn bagaimana semalam lho;Netral
dhiatulb;9/19/2023, 5:15:37 PM;Masi belum keluar,dari shubuh loh??;keluardari shubuh loh;Netral
dwisar17;9/19/2023, 5:33:24 PM;Yuhu Manukan wetan blom mandi plis ??;yuhu manukan wetan mandi plis;Netral
nikkyvianti;9/19/2023, 5:44:18 PM;@pdamsuryasembada gak ada air, gak bahaya ta?;enggak air enggak bahaya ta;Netral
arthursigitt;9/19/2023, 5:59:31 PM;@wavie_wafiyuddin  gmn pak manukan ?? Masih blm nyala airnya @pdamsuryasembada;bagaimana pak manukan nyala airnya;Netral
pradipta_sang_;9/19/2023, 8:38:11 PM;Tambak wedi sejahtera kok banyu e mati min? Opo mek nggon q tok seng mati kesumpel plastik² maneh pipo e koyok wingi..;tambak wedi sejahtera kok banyu e mati min opo mek nggon ku tok seng mati kesumpel plastik² maneh pipo e koyok wingi;Netral
nikkyvianti;9/19/2023, 9:04:53 PM;@pdamsuryasembada 1/2 jam yg lalu sdh keluar setelah seharian kosong;12 jam lalu keluar seharian kosong;Netral
jokosantoso5201;9/19/2023, 9:32:04 PM;@pdamsuryasembada manukan pak mati;manukan pak mati;Netral
afriliantyas;9/20/2023, 6:18:13 AM;Min manukan lor blm nyala airx @pdamsuryasembada;min manukan lor nyala airx;Netral
novacarel;9/20/2023, 3:23:44 PM;Aliran air area manukan apa mati lagi ? Saya nyalakan sanyo kok yg kluar air selokan bau bgt kak ??;aliran air area manukan apa mati nyalakan sanyo kok keluar air selokan bau banget kak;Netral
nawawifadli41;9/21/2023, 8:54:49 PM;Air di genting kalianak normalnya kapan  ini sudah dua  hari keciiiiil.;air genting kalianak normalnya kapan hari keciiiiil;Netral
ditasayekti;9/22/2023, 12:56:30 AM;Min, serius nanya. Knp tagihan pdam dlm 1 bln bs ganti harga? Kok bs gt knp ya?;min serius bertanya tagihan pdam 1 bulan ganti harga kok;Netral
ummahicis;9/5/2023, 10:46:30 PM;ini berangkatin umroh bisa.. kinerja donk diperbaiki .. air keruh kayak got.. kita bayar tepat waktu loh .. sering mati tidak ada info apa2;berangkatin umroh kinerja dong diperbaiki air keruh kayak got bayar tepat waktu loh sering mati info apa-apa;Netral
alfi_rosalina;9/6/2023, 2:50:12 PM;mana ada gerak cepat brp org pdam ni...klo mmg terjun smua sesuai job nya pasti cepet kelar...;mana gerak cepat berapa orang pdam niklo memang terjun semua sesuai job nya cepat kelar;Netral
alfi_rosalina;9/6/2023, 2:52:26 PM;yg baik2 aja di post coba ,kendala2 jg post ...air selalu keruh tiap malam ...pagi bening aneh....skrg dr kemaren air got yg ngalir...nanti udah viral bru mohon maaf...klo kayak bgni ada gak empatinya klo telat bayar aja denda putus aliran;baik-baik post coba kendala2 post air selalu keruh tiap malam pagi bening anehskrg kemarin air got ngalirnanti viral baru mohon maafklo kayak begini enggak empatinya kalo telat bayar denda putus aliran;Netral
hanissofiyya;9/13/2023, 1:13:27 PM;??;;Netral
nurkiswandi;9/13/2023, 6:21:41 PM;Airnya keruh pak.. bau juga.... surabaya utara..??;airnya keruh pak bau surabaya utara;Netral
septyan.kurnia;9/6/2023, 12:34:44 AM;Pendaftaran baru sy kapan di tindaklanjuti?;pendaftaran baru kapan tindaklanjuti;Netral
muhamadgozalirachman;9/6/2023, 12:58:15 AM;AIR PDAM DI TAMAN PONDOK INDAH WIYUNG SURABAYA KOK AIR NYA PELAN KELUAR NYA KAK KENAPA YA KAK ?;air pdam taman pondok indah wiyung surabaya kok air nya pelan keluar nya kak kak;Netral
anggi_andita8;9/6/2023, 4:53:51 AM;bayar mahal .....air keru ..kalau sore airnya pelan kadang  gak keluar ....dan sekrang air nya kayak gott....yang merasa mulai.kemarin air nya kaya gott komen;bayar mahal air keru kalau sore airnya pelan kadang enggak keluar sekarang air nya kayak gottyang merasa mulaikemarin air nya kayak gott komen;Netral
nur.d.ansyah;9/6/2023, 11:29:47 AM;@anggi27909 iya, sampe sekarang masih keruh, kuras tandon ??;iya sekarang keruh kuras tandon;Netral
a9us_budiutomo;9/6/2023, 8:59:23 AM;Bagaimana progress perbaikan wilayah karang pilang;bagaimana progress perbaikan wilayah karang pilang;Netral
wafirotulafkar09;9/6/2023, 9:04:51 AM;Gimana udh pengaduan untuk air nya kluar hitam minn?;bagaimana pengaduan air nya keluar hitam minn;Netral
firmansyah_he;9/6/2023, 9:08:41 AM;air keruh area kedurus,bogangin,gunungsari indah @pdamsuryasembada;air keruh area kedurusbogangingunungsari indah;Netral
ummahicis;9/6/2023, 9:09:37 AM;halo gimna ini @pdamsuryasembada  daerah kemlaten airnya keruh.. kotor skr malah mati.. tolong segera ditindak lanjuti;halo bagaimana daerah kemlaten airnya keruh kotor sekarang malah mati segera ditindak lanjuti;Netral
ananthadio;9/6/2023, 9:10:36 AM;Di tunggu gerak cepatnya daerah karangpilang... kapan ya pak @pdamsuryasembada  mohon di jawil pak @ericahyadi_;tunggu gerak cepatnya daerah karangpilang kapan pak mohon jawil pak;Netral
deddybayu28;9/6/2023, 9:26:15 AM;Air sangat kotor dan keruh dari selasa tgl 5  september tolong ditindak lanjuti;air sangat kotor keruh selasa tanggal 5 september ditindak lanjuti;Netral
hadi.soev;9/6/2023, 9:40:05 AM;Sudahlah  pak...alirkan air dari.umbulan ke semu warga  jgn hanya ke peruhaan elit/orang kaya,.warga jg bth air ,;sudahlah pakalirkan air dariumbulan semu warga jangan peruhaan elitorang kayawarga bth air;Netral
achmad_alamien;9/6/2023, 9:40:31 AM;Bapak, bagaimana di wilayah karangpilang. Mohon segera di perbaiki gheh. Pemberitahuan kq pas waktu pengerjaan harusnya kan sebelum pengerjaan biar bisa nandon air to.;bapak bagaimana wilayah karangpilang mohon segera perbaiki gheh pemberitahuan kok pas waktu pengerjaan harusnya kan pengerjaan biar nandon air;Netral
surya_ressya;9/6/2023, 9:41:41 AM;@firmansyah_he Berarti sama kak,mulai tadi malam daerah Lontar dan berikutnya ke barat keruh banget,biasanya tidak;berarti sama kakmulai tadi malam daerah lontar berikutnya barat keruh bangetbiasanya;Netral
rike.wulland;9/6/2023, 9:46:18 AM;D tggu gerak cepatnya di area kedurus dan skitarnya pak..mulai 5 September kmrn air keruh bhkan hitam..@pdamsuryasembada;tggu gerak cepatnya area kedurus skitarnya pakmulai 5 september kemarin air keruh bhkan hitam;Netral
fidian_prihatono;9/6/2023, 10:13:01 AM;Air keruh di sambikerep, keruhnya parah sekali.;air keruh sambikerep keruhnya parah sekali;Netral
rendysangpenjaga;9/6/2023, 11:47:30 AM;Mohon petunjuk min @pdamsuryasembada solusi jika tempat lingkungan belom ada perangkat RT/RW gimana ya karena tempat gudang bos saya mau pasang PDAM;mohon petunjuk min solusi tempat lingkungan perangkat rtrw bagaimana tempat gudang bos mau pasang pdam;Netral
rendysangpenjaga;9/6/2023, 12:40:11 PM;@pdamsuryasembada Gunung anyar Tambak IV;gunung anyar tambak iv;Netral
alfi_rosalina;9/6/2023, 1:03:00 PM;mana gerak cepat dr sore kmren air d i jl golf keruh kayak got;mana gerak cepat sore kemarin air i jl golf keruh kayak got;Netral
gakboolehh;9/6/2023, 1:52:54 PM;"Pingin aduin air kotor juga dr kmaren, tapi jawabannya pasti sama. ""Mohon maaf atas ketidaknyamanannya. Sejak tadi malam Tim Gerak Cepat PDAM berupaya untuk melakukan flushing (pencucian pipa) jalur pipa diameter 600mm. Saat ini masih proses normalisasi. Jika air masih kotor dan keruh bisa menyampaikan alamat, nomor pelanggan dan nomor HP untuk kami flushing kembali. Jika perlu pasokan air tangki kami kirim gratis. Terima kasih -w""";pengin aduin air kotor kemarin jawabannya sama mohon maaf atas ketidaknyamanannya sejak tadi malam tim gerak cepat pdam berupaya melakukan flushing pencucian pipa jalur pipa diameter 600mm proses normalisasi air kotor keruh menyampaikan alamat nomor pelanggan nomor hp flushing perlu pasokan air tangki kirim gratis terima kasih;Netral
surya_ressya;9/6/2023, 2:57:52 PM;@pdamsuryasembada Terimakasih infonya, siang ini sudah lebih berkurang keruhnya,semoga secepatnya bisa normal bening lagi untuk wilayah Lontar dan seterusnya kebarat????;terimakasih infonya siang lebih berkurang keruhnyasemoga secepatnya normal bening wilayah lontar kebarat;Positif
depoaguspam;9/6/2023, 3:03:56 PM;Siang min nopel saya 5101852 mohon di tindak lanjuti air kotor banget min komplek pulosari;siang min nopel 5101852 mohon tindak lanjuti air kotor banget min komplek pulosari;Netral
christiant.d.n;9/6/2023, 3:06:51 PM;Tim Gerak Cepatnya lambat;tim gerak cepatnya lambat;Netral
almahfud10;9/6/2023, 3:40:22 PM;"omahmu enak min resik, lah omah e warga kelurahan kedurus i lo rusuh koyok banyu brantas, di tindak lanjuti lah mosok jawab e ngunu"" ae ganok perbedaan e nang air e podoae jek keruh. @ericahyadi_ niki pripun toh pak dinsos pdam e meresahkan";omahmu enak min resik lah omah e warga kelurahan kedurus i lo rusuh koyok banyu brantas tindak lanjuti lah mosok jawab e ngunu ganok perbedaan e nang air e podoae jek keruh niki pripun pak dinsos pdam e meresahkan;Netral
depoaguspam;9/6/2023, 4:21:57 PM;@pdamsuryasembada sudah didatangi petugas mas rizky matur suwun min;didatangi petugas mas rizky matur suwun min;Netral
almahfud10;9/6/2023, 4:24:43 PM;@pdamsuryasembada ndang di terno min ke bogangin 2b tangki mu tak tunggu;ndang terno min bogangin 2b tangki mu tak tunggu;Netral
firmansyah_he;9/6/2023, 9:26:24 PM;halo tim gerak cepat @pdamsuryasembada  gimana hasilnya,untuk bogangin dan sekitarnya?;halo tim gerak cepat bagaimana hasilnyauntuk bogangin sekitarnya;Netral
vanzzeko;9/6/2023, 10:49:15 PM;Min ini daerah kebraon mati kapan nyala;min daerah kebraon mati kapan nyala;Netral
vanzzeko;9/6/2023, 10:49:46 PM;Bisa dikirim air bersih ? Perlu banget min ya ampun min malam2 mati air;dikirim air bersih perlu banget min ampun min malam2 mati air;Netral
alesyaalexandriakzl;9/7/2023, 5:13:34 AM;Min tolong daerah KODAM BRAWIJAYA, KESATRIAN, GAJAHMADA dan sekitarnya mulai 2 hari ini airnya sprti kopi, warna hitam .. Tlg bantu min , menghambat aktivitas soalnya @pdamsuryasembada ??;min daerah kodam brawijaya kesatrian gajahmada sekitarnya mulai 2 hari airnya kopi warna hitam bantu min menghambat aktivitas soalnya;Netral
ananthadio;9/7/2023, 6:02:23 AM;@pdamsuryasembada brati tidak sesuai dg jadwal yg ada di edaran yaa... trimakasih....??;brati sesuai jadwal edaran trimakasih;Netral
fauzieandi;9/29/2023, 11:47:31 AM;Nahh ini baru betul??;nah baru betul;Netral
becak_rodadua;9/5/2023, 5:35:28 PM;airnya tiba2 keruh ya allah. plg kerja capek2 trnyata airnya keruh, butek??;airnya tiba-tiba keruh allah pulang kerja capek2 ternyata airnya keruh butek;Netral
alfianreza11;9/5/2023, 6:11:14 PM;"apa konpensasi yang di berikan oleh pdam surabaya pada warga  sby khususnya bulak banteng yg airny dr bulan kemarin keruh,selain air tangki?setiap hari kita di kasih air keruh dan bau hampir sebulan,katanya ada perbaikan,tapi ga kelar"" kita dapat air bersih cuma tengah malam aja sampe subuh apakah kita harus bergadang tiap hari untuk mendapatkan air bersih,sedangkan tagihan kita tiap bulan makin mahal?awas aja kalo bulan ini tagihan air kita masih tetap tinggi kita ga akan mau bayar,enak aja tagihan air makin tinggi tapi air yang di dapat keruh dan bau,@pdamsuryasembada @cakj1";apa konpensasi berikan pdam surabaya warga surabaya khususnya bulak banteng airny bulan kemarin keruhselain air tangkisetiap hari kasih air keruh bau hampir sebulankatanya perbaikantapi enggak kelar air bersih cuma tengah malam subuh bergadang tiap hari mendapatkan air bersihsedangkan tagihan tiap bulan makin mahalawas kalo bulan tagihan air tetap tinggi enggak mau bayarenak tagihan air makin tinggi air keruh bau;Netral
octasilvia;9/5/2023, 6:24:52 PM;Min, airnya keruh banget dan kecil sekali volumenya daerah kedurus, udah 1 mingguan ini  keruh sekali dan kecokelatan  @pdamsuryasembada;min airnya keruh banget kecil sekali volumenya daerah kedurus 1 mingguan keruh sekali kecokelatan;Netral
vhinn_;9/5/2023, 6:52:35 PM;Min apakah ada perbaikan daerah kedurus? Airnya sangat keruh;min perbaikan daerah kedurus airnya sangat keruh;Netral
kurniawanades;9/5/2023, 7:04:36 PM;Min kenapa aku sore ini serasa mandi pake air teh? ????;min aku sore serasa mandi pakai air teh;Netral
renycan_;9/5/2023, 7:28:37 PM;Min ...pdam rumahku dijalan raya mastrip kebraon kec. Karangpilang ket jam 15.30 dino iki sampe saiki banyune gak ngalir blassss ????????;min pdam rumahku dijalan raya mastrip kebraon kec karangpilang ket jam 1530 dino iki saiki banyune enggak mengalir blassss;Netral
mohon maaf atas ketidaknyamanannya terkait kompensasi truk tangki gratis sesuai hasil koordinasi pihak2 terkait pihak pelaksana box culvert kecamatan kenjeran kompensasi memberikan semua catat bulan angka meter dipastikan sesuai tindaklanjut pengaduan mohon dibantu nopel no ponsel terimakasih;Netral;;;
alfianreza11;9/5/2023, 7:59:30 PM;"@pdamsuryasembada seenaknya sendiri ya kalo gitu, tagihan tiap bulan di mahalin tapi air yang di kasih air keruh dan baudi surabaya tu tiap ada perbaikan pasti lambat penyelesainya dan warga yang di jadikan korban,liat saja penggalian"" pipa di Surabaya utara pada mangkrak ga bisa sat set dalma bekerja,";seenaknya sendiri kalo tagihan tiap bulan mahalin air kasih air keruh baudi surabaya tiap perbaikan lambat penyelesainya warga jadikan korbanliat penggalian pipa surabaya utara mangkrak enggak sat set dalma bekerja;Netral
becak_rodadua;9/5/2023, 8:16:21 PM;@octasilvia ternyata saya ga sendirian ??;ternyata enggak sendirian;Netral
becak_rodadua;9/5/2023, 8:16:45 PM;@vhinn_ saya ga sendirian ??;enggak sendirian;Netral
octasilvia;9/5/2023, 8:19:47 PM;Iya pak, rasa2nya kaya air selokan??;iya pak rasa2nya kayak air selokan;Netral
dianwiliyanti;9/5/2023, 8:31:15 PM;Iya di daerah karang pilang gang. Kawi belakang lotte mart juga beberapa hari ini, mohon info apa ada perbaikan dan kira2 berapa lama seperti ini airnya keruh terus @pdamsuryasembada;iya daerah karang pilang gang kawi belakang lotte mart beberapa hari mohon info apa perbaikan kira-kira berapa lama airnya keruh terus;Netral
astriadwipujiati;9/5/2023, 8:42:26 PM;Heh ini air pdam kenapa jadi air kopi ya ??? ?? daerah kedurus. Sudah langsung perbaikan lapangan saja;heh air pdam jadi air kopi daerah kedurus langsung perbaikan lapangan;Netral
dewindandp_;9/5/2023, 8:42:58 PM;Daerah kedurus air keruh sampe kapan ini min? Gak bisa cuci piring gak bisa cuci baju gak bisa mandi. Air udah kek air got ?? bayar tagihan mahal cuma buat air got doang ??;daerah kedurus air keruh kapan min enggak cuci piring enggak cuci baju enggak mandi air kayak air got bayar tagihan mahal cuma buat air got doang;Netral
corryrizkykumala2;9/5/2023, 8:55:04 PM;@kurniawanades airr gottt;airr gottt;Netral
corryrizkykumala2;9/5/2023, 8:55:46 PM;jogoloyo airnyaaa coklatttt keruhh;jogoloyo airnyaaa coklatttt keruhh;Netral
ananthadio;9/5/2023, 9:02:33 PM;@pdamsuryasembada yg pusat masa gak tau ada edaran kalo perbaikan di jalan mastrip... serius gak tau?? Pak @ericahyadi_ pripun pak airnya masih keruh sampai saat ini... mohon di TL dinas terkait..;pusat masa enggak tau edaran kalo perbaikan jalan mastrip serius enggak tau pak pripun pak airnya keruh mohon tl dinas terkait;Netral
renycan_;9/5/2023, 10:06:44 PM;Jawabane kok podo kabeh min...aq wes laporan via call center..jawabane yo podo..bedane jawabane mek lisan dan tertulis;jawabane kok podo kabeh minaq wes laporan via call centerjawabane podobedane jawabane mek lisan tertulis;Netral
princess.imoet1;9/5/2023, 10:43:17 PM;Daereh karangan kodam juga butek min... Sampe kapan...;daereh karangan kodam butek min kapan;Netral
ummahicis;9/5/2023, 10:44:06 PM;ini gimana @pdamsuryasembada  air sangat keruh skr pukul 22.42 malah mati tidak nyala sama sekali.. daerah kemlaten.. tolong donk bayar uda gk pernah pelayanan dan informasi buat pelanggan diperbaiki dan segera cari solusi.. kasian loh yg ada anak kecil dan lansia;bagaimana air sangat keruh sekarang pukul 2242 malah mati nyala sama sekali daerah kemlaten dong bayar enggak pernah pelayanan informasi buat pelanggan diperbaiki segera cari solusi kasihan loh anak kecil lansia;Netral
ummahicis;9/5/2023, 10:45:05 PM;kita taat bayar .. dinaikin harga kayak apapun ttp bayar tolong diperbaiki sistem informasinya dan kerjanya.. terimakasih;taat bayar dinaikin harga kayak apapun tetap bayar diperbaiki sistem informasinya kerjanya terimakasih;Netral
muhamadgozalirachman;9/6/2023, 12:26:26 AM;Malam Kak . KAK AIR PDAM DI TAMAN PONDOK INDAH SEKARANG AIR NYA KOK KECIL YA KENAPA KAK;malam kak kak air pdam taman pondok indah sekarang air nya kok kecil kak;Netral
slondong_boy;9/6/2023, 4:25:46 AM;Tolong kalau ada perbaikan ato apa masalah pdam d kasih pemberitahuan terlebih dahulu jangan langsung air mati dan sebagainya  kalau begini gimana solusinya ini menyangkut warga kedurus semuanya;kalau perbaikan apa masalah pdam kasih pemberitahuan terlebih jangan langsung air mati sebagainya kalau begini bagaimana solusinya menyangkut warga kedurus semuanya;Netral
rr9_store;9/6/2023, 4:41:57 AM;Masa gak ada pemberitahuan kl airnya bakal keruh dan volumenya mengecil ?? untung punya galon di rumah..air @pdamsuryasembada gak layak dipakai;masa enggak pemberitahuan kalo airnya bakal keruh volumenya mengecil untung punya galon rumahair enggak layak dipakai;Netral
tras.234;9/6/2023, 5:03:05 AM;air sekitar kodam hitam kecoklatan spt air got;air kodam hitam kecoklatan air got;Netral
yessysantoso16;9/6/2023, 5:13:54 AM;Hallo,dr semalam daerah sambikerep airnya kotor smpai skrg.. tdk ada pmberitahuan.. yg mau sekolah sm kerja kasian coy msa mau mandi air kotor !;hallodr semalam daerah sambikerep airnya kotor sekarang pmberitahuan mau sekolah sama kerja kasihan coy masa mau mandi air kotor;Netral
didik_kimpot.q;9/6/2023, 5:21:21 AM;Air di sambikerep surabaya keruh kaya air kali gimana nih;air sambikerep surabaya keruh kayak air kali bagaimana nih;Netral
yani.nesta99;9/6/2023, 5:21:46 AM;Min @pdamsuryasembada sampe kpn ini airnya mirip rawon ??. Ga layak dah. Ga bs nyuci mandi apalagi masak, wudhu. Sy tinggal d wisma lidah kulon;min kapan airnya mirip rawon enggak layak deh enggak nyuci mandi masak wudhu tinggal wisma lidah kulon;Netral
didik_kimpot.q;9/6/2023, 5:21:49 AM;@didik_kimpot.q @pdamsuryasembada;ku;Netral
renycan_;9/6/2023, 6:46:42 AM;Kok gak ada penjelasan yo min...karang pilang..kenapa2nya perbaikan dimana, estimasinya sampe kapan,? Kok kabeh kongkon dm no hp..minimal beri penjelasan lah.. gara2 opo...mosok gak ngerti.. lek ngene modele adus dll numpang nang kantor pdam ae ??;kok enggak penjelasan minkarang pilangkenapa2nya perbaikan estimasinya kapan kok kabeh kongkon dm no hpminimal beri penjelasan lah gara-gara opomosok enggak mengerti lek ngene modele adus numpang nang kantor pdam;Netral
bundaezzzz;9/6/2023, 7:25:27 AM;@pdamsuryasembada satu kampung kedurus dukuh air nya kayak kopi susu  pagi ini malah gak keluar????;satu kampung kedurus dukuh air nya kayak kopi susu pagi malah enggak keluar;Netral
gyucheol863;9/6/2023, 8:12:14 AM;ini kedurus air kyk got.. trs gmn kita mau cuci baju, cuci piring sama mandi???? tolong cepat diperbaiki min.. smpe kapan kyk gni???;kedurus air kayak got terus bagaimana mau cuci baju cuci piring sama mandi cepat diperbaiki min kapan kayak begini;Netral
achmad_alamien;9/6/2023, 8:18:53 AM;Bapak, ini bagaimana air wil. Jl. Mastrip keruh poll. Tidak bisa di buat mandi. Sampai kapan ini?;bapak bagaimana air wil jl mastrip keruh poll buat mandi kapan;Netral
achmad_alamien;9/6/2023, 12:01:56 PM;@pdamsuryasembada  Terima kasih atas jawabannya, semoga hari ini air kembali jernih. Biar bisa di buat mandi, pak admin. ????;terima kasih atas jawabannya semoga hari air jernih biar buat mandi pak admin;Netral
alfi_rosalina;9/6/2023, 1:20:56 PM;Selamat siang pak,mohon tindak lanjut kekeruhan air pam daerah gunung sari jl golf Rumah Dinas Marinir air kotor banget banyak pasir n kayak lumut halus hitam airnya bukan keruh lagi ...;selamat siang pakmohon tindak lanjut kekeruhan air pam daerah gunung sari jl golf rumah dinas marinir air kotor banget banyak pasir n kayak lumut halus hitam airnya bukan keruh;Netral
rndyymichaele;9/6/2023, 8:39:00 PM;Buset omahku kedurus sampe detik iki ga ngalir blas, mulai wingi bengi, ono maslaah opo sehh sampe sak omahku mambue kek galangan olahraga;buset omahku kedurus detik iki enggak mengalir blas mulai wingi bengi sono maslaah opo sih sak omahku mambue kayak galangan olahraga;Netral
becak_rodadua;9/16/2023, 11:35:36 AM;@pdamsuryasembada air nya keruh lg nih daerah kedurus. ada galian di bogangin smpe kapan;air nya keruh nih daerah kedurus galian bogangin kapan;Netral
therealhasan23;9/14/2023, 6:15:27 PM;Yang di jalan Sidoyoso itu kapan selesainya ! -_-;jalan sidoyoso kapan selesainya;Netral
aliyah_basham_beauty;9/14/2023, 6:25:35 PM;Alhamdulillah air ku skr lancar pak... Terima kasih @pdamsuryasembada;alhamdulillah air ku sekarang lancar pak terima kasih;Netral
indo_boy2020;9/14/2023, 6:53:13 PM;Pengerjaan lama. Bikin macet. Mbok ya dikerjakan 24 jam biar cepet selesai;pengerjaan lama bikin macet mbok dikerjakan 24 jam biar cepat selesai;Netral
g_tfrz;9/14/2023, 8:05:51 PM;Alhamdulillah. Tetap Semangat ??;alhamdulillah tetap semangat;Netral
prapti_astiti;9/14/2023, 8:26:48 PM;simo hilir sudah mati 2 harii;simo hilir mati 2 harii;Netral
hendras75;9/15/2023, 7:24:57 AM;Min simohilir air sudah ga keluar sama sekali 2 hari ini. ??;min simohilir air enggak keluar sama sekali 2 hari;Netral
prapti_astiti;9/15/2023, 11:33:08 AM;sudah 3 hari;3 hari;Netral
kennireagan_;9/15/2023, 5:43:26 PM;Gangguan di manyar rejo daerah tapsir kena imbasnya ??;gangguan manyar rejo daerah tapsir kena imbasnya;Netral
palupikrisna;9/17/2023, 2:29:16 PM;"yang di sebelah kampus uinsa 2 juga adaa,semangat bapak"" ??";sebelah kampus uinsa 2 adaasemangat bapak;Netral
tkg.ldg.selfie;9/17/2023, 10:50:58 PM;Kemitraan solidaritas, kok dibalik solidaritas kemitraan;kemitraan solidaritas kok dibalik solidaritas kemitraan;Netral
